{
  "languages": {
    "python": 2570076,
    "vue": 1074969,
    "go": 1066982,
    "latex": 993282,
    "Other": 872259,
    "javascript": 681631,
    "markdown": 669204,
    "php": 586814,
    "svelte": 522405,
    "yaml": 389274,
    "pug": 383631,
    "sass": 320895,
    "json": 288555,
    "typescript": 266128,
    "OCaml": 187896,
    "fishshell": 162261,
    "stylus": 138954,
    "rust": 91762,
    "toml": 89303,
    "asciidoc": 72806,
    "ruby": 70831,
    "INI": 69534,
    "html": 65642,
    "Makefile": 51187,
    "Config": 46449,
    "livescript": 45825,
    "Git Config": 41888,
    "Text": 40228,
    "gettext": 37662,
    "Bash": 34031,
    "css": 26135,
    "VimL": 24001,
    "Environment file": 22246,
    "TSV": 19499,
    "VHDL": 15653,
    "Crystal": 15307,
    "Apache Config": 13551,
    "coffeescript": 12076,
    "fsorg": 11756,
    "Git": 11685,
    "Docker": 10669,
    "c": 9163,
    "SQL": 8173,
    "BibTeX": 7070,
    "XML": 6228,
    "Nimrod": 5732,
    "LESS": 5419,
    "Batchfile": 4102,
    "reStructuredText": 3646,
    "CSV": 3508,
    "PEG": 3212,
    "GraphQL": 3205,
    "Slim": 2757,
    "AutoHotkey": 2730,
    "Roff": 2714,
    "V": 2305,
    "Verilog": 2242,
    "lua": 2031,
    "Groff": 1660,
    "Mail Config": 1633,
    "Gherkin": 1587,
    "POVRay": 1314,
    "PowerShell": 1234,
    "Perl": 1149,
    "Crontab": 607,
    "Java": 405,
    "assembler": 388,
    "Modula-2": 367,
    "Befunge": 298,
    "Mustache": 250,
    "JSX": 220,
    "Haml": 173,
    "Awk": 158,
    "RPMSpec": 135,
    "Clojure": 103,
    "c++": 94,
    "csharp": 72,
    "Blade Template": 58,
    "Cheetah": 54,
    "Diff": 53,
    "Image (png)": 51,
    "Properties": 35,
    "Debian Control file": 31,
    "ActionScript": 28,
    "Pawn": 9,
    "Org": 7,
    "EJS": 7,
    "SAS": 5,
    "Mathematica": 5,
    "Julia": 4,
    "XAML": 0,
    "nim": 0
  },
  "projects": {
    "schoolsyst-webapp": 1370322.9758170003,
    "rocketbook": 822083.415627,
    "Unknown Project": 819564.5083421331,
    "mx3creations": 730323.9566430002,
    "portfolio": 714162.5883450004,
    "eds-www": 396259.62540364265,
    "ideaseed": 394737.8208219999,
    "ffcss": 390345.88513999997,
    "schoolsyst-api-next": 387469.65598999994,
    "work": 363493.45318,
    "gui": 350733.229442,
    "portfoliodb": 320981.90589500003,
    "schoolsyst-api": 314922.952878,
    "public": 286457.916316,
    "ortfogui": 267758.480101,
    ".dotfiles": 227170.83207500004,
    "main-website": 215595.67142463842,
    "schoolsyst": 210339.710827,
    "portfolio-next": 196292.046035,
    "restapiboys": 193723.40656099998,
    "www": 156832.09494304657,
    "bone-fracture-detection": 136477.11939100001,
    "tipe": 123941.31182299998,
    "isn-project": 118368.072269,
    "spotifydash": 114755.007983,
    "ortfomk": 101376.569547,
    "mx3-publishr": 99068.684751532,
    "creations": 98014.465623,
    "phelng": 97849.28198,
    "ortfodb": 93697.08401699997,
    ".config": 89856.20263599999,
    "indentex": 89327.279064,
    "ultisnips.io": 76379.86738999998,
    "deliverit": 72556.79917299999,
    "mk": 60565.500224,
    "yana": 56838.758178,
    "mnist-js": 56460.649359999996,
    "learn-it": 52558.214595000005,
    "imaginary-projects": 50675.006691999995,
    "fsorg": 48832.710516,
    "schoolsyst-presentation": 46269.880885,
    "ivia": 45975.160828,
    "queyd": 42536.789839000005,
    "theoremindmap": 39687.706489000004,
    "pychemin": 36245.73430000001,
    "tkinter-bataille-navale": 35162.849733999996,
    "playground": 34739.184849,
    "theorems": 34482.740880000005,
    "portfoliodashb": 29918.300107000003,
    "presentation": 29641.49024,
    "Fran\u00e7ais": 29144.939688000002,
    "les-harobases": 28855.46053481102,
    "parcoursup-dataviz": 25504.004173,
    "uph": 25447.99196,
    "tkinter-demineur": 25137.163643,
    "automation-parcoursup": 24749.306002,
    "subfeed-for-spotify": 24627.87315,
    "condenses": 23459.495732,
    "youtube_batch_dl": 22812.025374,
    "aven-website": 21270.969278,
    "vhdl-learn": 19483.334903,
    "mx3creations.com": 18859.29383,
    "clef": 18624.60793,
    "tkinter-d\u00e9mineur": 18288.998023,
    "ideasprout": 17655.61663,
    "python-typed-dotenv": 17343.521067,
    "sophrologie": 16191.255877256393,
    "fastapi": 15959.264186,
    "tp": 15804.534859,
    "programath": 15589.076015,
    "weeb-cli": 15116.470949,
    "crossplain": 14818.346764,
    "portfoliomk": 14144.824644,
    "option-info": 13896.746554000001,
    "publishr": 13856.136801,
    "rb": 13774.970503,
    "gcalcli": 13234.833563999999,
    "UltiSnips": 12815.858393,
    "python-box": 12113.096073,
    "schoolsyst-api-nestjs": 11980.741358,
    "chachacha": 11571.917388000002,
    "hankatt": 11506.280120999998,
    "vscode-pychemin": 11088.557916999998,
    "papers": 11038.0,
    "cli-gkeep-notes": 10742.626335,
    "projects": 10644.809041,
    "yaml2markdown": 10168.608908,
    "litex": 10053.936028,
    "tabtrees": 9945.706293,
    "LEARN": 9717.135274887085,
    "mathisfj": 9184.118625000001,
    "portfoliodb-dashboard": 9084.52191,
    "db": 8636.443742000001,
    "jsonschema": 8142.341131,
    "vscode-fsorg": 7667.01875,
    "schoolsyst-graphql": 7592.934788,
    "grosmiinet": 7551.16526,
    "ricenter": 7517.471455,
    "mx3creations-v2": 7464.748,
    "abstract-wallpapers-per-color-schemes": 7160.991409,
    "oombaoomba": 7153.096239,
    "mathriddler": 6919.105827,
    "gitmoji-commits-graphs": 6743.984232,
    "deploy-tools": 6631.120352,
    "ideas": 6442.321436,
    "python-strip-ansi": 6333.656149,
    "api.eve": 6236.009963,
    "mpsyntax": 5934.22038,
    "universal-creations-manager": 5889.4668759999995,
    "condense-sciences-ing\u00e9nieur": 5874.327902,
    "nim-github-api": 5840.876332999998,
    "refined-github": 5764.554168,
    "appstract-contributions": 5442.104824,
    "check-availability": 5349.77109,
    "spotify-browser-metadata-script": 5317.562812,
    "main-py-website": 5292.502805,
    "music-extract-dl": 5171.509331,
    "fish-theme": 4771.059539,
    "gitmoji-vscode": 4757.879360999999,
    "distilatex": 4659.171364,
    "coding-drama": 4565.05,
    "webcrawlr": 4422.805269,
    "proglang": 4127.893778,
    "portfoliodb-crawler": 4118.73131,
    "Documents": 4099.9150178432465,
    "sapper-test": 4031.949603,
    "fubini-visualized": 4021.1569,
    "electronjs": 3950.1455211639404,
    "docapi": 3777.894388,
    "you-will-work-on": 3706.9134090000002,
    "schoolsyst-webapp-next": 3467.414874,
    "youtube-dl": 3465.021655,
    "fishbone": 3431.401853,
    "hk-backend": 3374.376849,
    "Bone-Fracture-Detection---MURA": 3366.143744,
    "migrating_portfolio_db": 3188.066142,
    "ricecenter": 3141.496083,
    "ideaseed-git": 3120.890874,
    "polybar": 3031.454091,
    "misc": 2997.812099,
    "shiso": 2968.487432,
    "colloque-annuel-2019": 2833.921609,
    "dalzon-card-generator": 2801.048123,
    "youtube-batch-dl": 2737.573208,
    "schoolsyst-api-mongo": 2725.136103,
    "midibackup": 2651.587234,
    "wakatime-backupr": 2631.3520131111145,
    "music": 2628.900231,
    "website-boilerplate": 2570.110805950165,
    "ortfo": 2563.5555950000003,
    "python-release-version": 2550.803356,
    "pdfsourcecrawler": 2526.0,
    "easygit": 2486.298079,
    "polyc": 2306.097925,
    "wifiqr": 2304.0,
    "fullstack-tutorial": 2249.71383,
    "project-ideas": 2237.38393,
    "bytdlff": 2181.6409700000004,
    "terminal.sexy": 2158.851971,
    "homestead": 2060.130078,
    "cli.docopt": 2021.766215,
    "livre-de-tout": 2018.453478,
    "vscode-theme-converter": 1996.0,
    "gkeepapi": 1957.525713,
    "learnrust": 1952.0,
    "codegolfs": 1931.1821380000001,
    "fish-functions": 1901.929325,
    "cli.oclif": 1869.69425,
    "library.v": 1846.589944,
    "ahk-scripts": 1827.099597,
    "hyperis": 1811.272224,
    "chezmoi": 1795.0,
    "schoolsyst-api-rewrite": 1752.3872640000002,
    "template": 1704.579529,
    "herivolte": 1671.75508,